{"cameraMode":{"drawMode":0,"name":"Shaded","section":"Shading Mode"},"sceneLighting":true,"audioPlay":false,"sceneViewState":{"m_AlwaysRefresh":false,"showFog":true,"showSkybox":true,"showFlares":true,"showImageEffects":true,"showParticleSystems":true,"showVisualEffectGraphs":true,"m_FxEnabled":true},"in2DMode":false,"pivot":{"x":-3.2654619216918947,"y":-2.3081371784210207,"z":3.5056285858154299},"rotation":{"x":-0.11584309488534928,"y":0.8678409457206726,"z":-0.23963066935539246,"w":-0.4195351302623749},"size":5.401597023010254,"orthographic":true}